-- MySQL Script generated by MySQL Workbench
-- Sat Mar 11 18:05:35 2023
-- Model: New Model    Version: 1.0
-- MySQL Workbench Forward Engineering


-- -----------------------------------------------------
-- Schema EncuestaMacro
-- -----------------------------------------------------
CREATE DATABASE  EncuestaMacro;
USE EncuestaMacro ;
-- -----------------------------------------------------
-- Tabla provincias
-- -----------------------------------------------------


CREATE TABLE  EncuestaMacro..provincias (
  IdProvincia INT NOT NULL,
  Nombre VARCHAR(45) NULL,
  PRIMARY KEY (IdProvincia))
GO 



-- -----------------------------------------------------
-- Table EncuestaMacro..cantones
-- -----------------------------------------------------
CREATE TABLE  EncuestaMacro..cantones (
  IdCanton INT NOT NULL,
  IdProvinciaFK INT NOT NULL,
  Nombre VARCHAR(45) NULL,
  INDEX fk_Canton_Provincia_idx (IdProvinciaFK ASC),
  PRIMARY KEY (IdCanton),
  CONSTRAINT fk_Canton_Provincia
    FOREIGN KEY (IdProvinciaFK)
    REFERENCES EncuestaMacro..provincias (IdProvincia)
    ON DELETE NO ACTION
    ON UPDATE NO ACTION)
GO 



-- -----------------------------------------------------
-- Table EncuestaMacro..sucursales
-- -----------------------------------------------------
CREATE TABLE  EncuestaMacro..sucursales (
  IdSucursal INT NOT NULL,
  Sucursal VARCHAR(200) NULL,
  IdCantonFK INT NOT NULL,
  INDEX fk_Sucursal_Canton_idx (IdCantonFK ASC),
  PRIMARY KEY (IdSucursal),
  CONSTRAINT fk_Sucursal_Canton
    FOREIGN KEY (IdCantonFK)
    REFERENCES EncuestaMacro..cantones (IdCanton)
    ON DELETE NO ACTION
    ON UPDATE NO ACTION)
GO



-- -----------------------------------------------------
-- Table EncuestaMacro..Cliente
-- -----------------------------------------------------
CREATE TABLE  EncuestaMacro..clientes (
 
  idCliente INT NOT NULL ,
  Cedula VARCHAR(10) NULL,
  Nombre VARCHAR(45) NULL,
  Apellido VARCHAR(45) NULL,
  Sexo VARCHAR(10) NULL,
  Edad VARCHAR(5) NULL,
  PRIMARY KEY (idCliente))
GO


-- -----------------------------------------------------
-- Table EncuestaMacro..Escala
-- -----------------------------------------------------
CREATE TABLE  EncuestaMacro..escalas (
  IdEscala INT NOT NULL,
  ValorInicial VARCHAR(45) NULL,
  ValorFinal VARCHAR(45) NULL,
  IdCategoria INT NULL,  
  PRIMARY KEY (IdEscala))
GO



-- -----------------------------------------------------
-- Table EncuestaMacro..Categoria
-- -----------------------------------------------------
CREATE TABLE  EncuestaMacro..categorias (
  IdCategoria INT NOT NULL,
  Categoria VARCHAR(45) NULL,
  IdEscalaFk INT NOT NULL,
  PRIMARY KEY (IdCategoria),
  INDEX fk_Categoria_Escala_idx (IdEscalaFk ASC) ,
  CONSTRAINT fk_Categoria_Escala
    FOREIGN KEY (IdEscalaFk)
    REFERENCES EncuestaMacro..escalas (IdEscala)
    ON DELETE NO ACTION
    ON UPDATE NO ACTION)
GO



-- -----------------------------------------------------
-- Table EncuestaMacro..Pregunta
-- -----------------------------------------------------
CREATE TABLE  EncuestaMacro..preguntas (
  IdPregunta INT NOT NULL IDENTITY(1,1),
  Pregunta VARCHAR(500) NULL,
  IdCategoriaFK INT NOT NULL,
  PRIMARY KEY (IdPregunta),
  INDEX fk_Pregunta_Categoria_idx (IdCategoriaFK ASC) ,
  CONSTRAINT fk_Pregunta_Categoria
    FOREIGN KEY (IdCategoriaFK)
    REFERENCES EncuestaMacro..categorias (IdCategoria)
    ON DELETE NO ACTION
    ON UPDATE NO ACTION)
GO



-- -----------------------------------------------------
-- Table EncuestaMacro..Encuesta
-- -----------------------------------------------------
CREATE TABLE  EncuestaMacro..encuestas (
  IdEncuesta INT NOT NULL IDENTITY(1,1),
  Respuesta VARCHAR(800) NULL,
  FechaRegistro DATETIME NULL,
  IdClienteFK INT NOT NULL,
  IdSucursalFK INT NOT NULL,
  IdPreguntaFK INT NOT NULL,
  PRIMARY KEY (IdEncuesta),
  INDEX fk_Encuesta_Cliente1_idx (IdClienteFK ASC) ,
  INDEX fk_Encuesta_Sucursal1_idx (IdSucursalFK ASC) ,
  INDEX fk_Encuesta_Pregunta1_idx (IdPreguntaFK ASC) ,
  CONSTRAINT fk_Encuesta_Cliente1
    FOREIGN KEY (IdClienteFK)
    REFERENCES EncuestaMacro..clientes (idCliente)
    ON DELETE NO ACTION
    ON UPDATE NO ACTION,
  CONSTRAINT fk_Encuesta_Sucursal1
    FOREIGN KEY (IdSucursalFK)
    REFERENCES EncuestaMacro..sucursales (IdSucursal)
    ON DELETE NO ACTION
    ON UPDATE NO ACTION,
  CONSTRAINT fk_Encuesta_Pregunta1
    FOREIGN KEY (IdPreguntaFK)
    REFERENCES EncuestaMacro..preguntas (IdPregunta)
    ON DELETE NO ACTION
    ON UPDATE NO ACTION)
GO


-- -----------------------------------------------------
-- SCRIP INSERT Escala  
-- -----------------------------------------------------
INSERT INTO escalas (idEscala,ValorInicial,ValorFinal,IdCategoria)VALUES (1,'SI','NO',1)
INSERT INTO escalas (idEscala,ValorInicial,ValorFinal,IdCategoria)VALUES (2,'0','10',2)
INSERT INTO escalas (idEscala,ValorInicial,ValorFinal,IdCategoria)VALUES (3,'1','400',3)
-- -----------------------------------------------------
-- SCRIP INSERT CATEGORIA 
-- -----------------------------------------------------

INSERT INTO categorias (idCategoria,Categoria,IdEscalaFK)VALUES ('1','ESTÁNDARES',1)
INSERT INTO categorias (idCategoria,Categoria,IdEscalaFK)VALUES ('2','SATISFACCION',2)
INSERT INTO categorias (idCategoria,Categoria,IdEscalaFK)VALUES ('3','RECOMENDACIÓN',3)

-- -----------------------------------------------------
-- SCRIP INSERT PREGUNTAS 
-- -----------------------------------------------------


INSERT INTO preguntas (Pregunta,IdCategoriaFK)VALUES ('LE DESPACHARON LOS PRODUCTOS REVISANDO LA FACTURA',1)
INSERT INTO preguntas (Pregunta,IdCategoriaFK)VALUES ('LE ENTREGARON LA FACTURA',1)
INSERT INTO preguntas (Pregunta,IdCategoriaFK)VALUES ('LA AMABILIDAD DEL CAJERO',2)
INSERT INTO preguntas (Pregunta,IdCategoriaFK)VALUES ('LA SATSFACIÓN EN GENERAL',2)
INSERT INTO preguntas (Pregunta,IdCategoriaFK)VALUES ('EN QUE NIVEL RECOMEDARÍA A XYZ A AMIGOS O FAMILIARES SIENDO 0 DEFINITIVAMENTE NO RECOMENDARÍA Y 10 SI RECOMENDARÍA',3)
INSERT INTO preguntas (Pregunta,IdCategoriaFK)VALUES ('SUS OBSERVACIONES FINALES POR FAVOR',3)

-- -----------------------------------------------------
-- ELIMINAR TABLAS
-- -----------------------------------------------------

-- -----------------------------------------------------
-- SCRIP INSERT CLIENTES
-- -----------------------------------------------------

INSERT INTO clientes (IdCliente,Cedula,Nombre,Apellido,Sexo,Edad)VALUES ('1','1712345678','DAVID','ESTRADA','Masculino','35')
INSERT INTO clientes (IdCliente,Cedula,Nombre,Apellido,Sexo,Edad)VALUES ('2','0923459824','YOLANDA','RAMOS','Femenino','23')
INSERT INTO clientes (IdCliente,Cedula,Nombre,Apellido,Sexo,Edad)VALUES ('3','1104394976','JEFFERSON','SARANGO','Masculino','28')

-- -----------------------------------------------------
-- SCRIP INSERT PROVINCIAS
-- -----------------------------------------------------
INSERT INTO provincias (IdProvincia ,Nombre)VALUES ('1', 'Loja')
INSERT INTO provincias (IdProvincia ,Nombre)VALUES ('2', 'Manabí')
INSERT INTO provincias (IdProvincia ,Nombre)VALUES ('3', 'Pichincha')
INSERT INTO provincias (IdProvincia ,Nombre)VALUES ('4', 'Guaya')

-- -----------------------------------------------------
-- SCRIP INSERT CANTONES
-- -----------------------------------------------------
INSERT INTO cantones (IdCanton ,IdProvinciaFK,Nombre)VALUES ('1','1', 'Loja')
INSERT INTO cantones (IdCanton ,IdProvinciaFK,Nombre)VALUES ('2','2', 'Pedernales')
INSERT INTO cantones (IdCanton ,IdProvinciaFK,Nombre)VALUES ('3','3', 'Rumiñahui')
INSERT INTO cantones (IdCanton ,IdProvinciaFK,Nombre)VALUES ('4','4', 'Guayaquil')
INSERT INTO cantones (IdCanton ,IdProvinciaFK,Nombre)VALUES ('5','3', 'Quito')


-- -----------------------------------------------------
-- SCRIP INSERT SUCURSALES
-- -----------------------------------------------------
INSERT INTO sucursales (idSucursal,Sucursal,IdCantonFK)VALUES ('1','29 de Mayo','1')
INSERT INTO sucursales (idSucursal,Sucursal,IdCantonFK)VALUES ('2','Tarqui','2')
INSERT INTO sucursales (idSucursal,Sucursal,IdCantonFK)VALUES ('3','San Rafael','3')
INSERT INTO sucursales (idSucursal,Sucursal,IdCantonFK)VALUES ('4','Guasmo','4')
INSERT INTO sucursales (idSucursal,Sucursal,IdCantonFK)VALUES ('5','Mena 2','5')
INSERT INTO sucursales (idSucursal,Sucursal,IdCantonFK)VALUES ('6','Quicentro Norte','5')
GO
-- -----------------------------------------------------
-- Consulta para reportes 
-- -----------------------------------------------------

--SELECT s.Sucursal,
--	   c.Nombre as Canton,
--	   p.Nombre as Provincia,
--	   cl.Cedula as Cedula,
--	   cl.Nombre as Nombre,
--	   cl.Apellido as Apellido,
--	   cat.Categoria as  CategoriaPregunta,
--	   pre.Pregunta as Pregunta,
--	   e.Respuesta as Respuesta,
--	   e.FechaRegistro as Fecha
--FROM encuestas e 
--	JOIN  sucursales s
--	 ON (e.IdSucursalFK=s.IdSucursal)
--	 JOIN cantones c
--	 ON (s.IdCantonFK=c.IdCanton)
--	 JOIN provincias p
--	 ON (p.IdProvincia=c.IdProvinciaFK)
--	 JOIN clientes cl
--	 ON (cl.idCliente=e.IdClienteFK)
--	 JOIN preguntas pre
--	 ON (pre.IdPregunta=e.IdPreguntaFK)
--	 JOIN categorias cat
--	 ON (cat.IdCategoria=pre.IdCategoriaFK)


-- -----------------------------------------------------
-- Crear Vista
-- -----------------------------------------------------
CREATE VIEW reporte_encuestas 
as 
SELECT s.Sucursal,
	   c.Nombre as Canton,
	   p.Nombre as Provincia,
	   cl.Cedula as Cedula,
	   cl.Nombre as Nombre,
	   cl.Apellido as Apellido,
	   cat.Categoria as  CategoriaPregunta,
	   pre.Pregunta as Pregunta,
	   e.Respuesta as Respuesta
FROM encuestas e 
	JOIN  sucursales s
	 ON (e.IdSucursalFK=s.IdSucursal)
	 JOIN cantones c
	 ON (s.IdCantonFK=c.IdCanton)
	 JOIN provincias p
	 ON (p.IdProvincia=c.IdProvinciaFK)
	 JOIN clientes cl
	 ON (cl.idCliente=e.IdClienteFK)
	 JOIN preguntas pre
	 ON (pre.IdPregunta=e.IdPreguntaFK)
	 JOIN categorias cat
	 ON (cat.IdCategoria=pre.IdCategoriaFK)
GO

-- -----------------------------------------------------
-- ELIMINAR TABLAS
-- -----------------------------------------------------
--DROP TABLE encuestas
--DROP TABLE preguntas 
--DROP TABLE categorias
--DROP TABLE escalas
--DROP TABLE sucursales
--DROP TABLE cantones
--DROP TABLE provincias
--DROP VIEW reporte_encuestas
--DROP TABLE clientes
-- ELIMINAR TABLAS
-- -----------------------------------------------------
